P-value,CategoryID
1.0,C0
0.22280306619332851,C1
1.0,C2
1.0,C3
0.41325631302145127,C4
0.0025079064129566748,C5
0.007448732673227123,C6
0.00068512796059278,C7
1.0,C8
