Language,C
Accuracy,0.6666666666666666
oob_score,0.7037037037037037
C7,-0.01666666666666672
C0,0.0
C2,0.0
C3,0.0
C4,0.0
C5,0.0
C8,0.0
C1,0.008333333333333326
C6,0.024999999999999977
Language,CPP
Accuracy,0.7636363636363637
oob_score,0.796875
C0,0.0
C2,0.0
C3,0.0
C4,0.0
C8,0.018181818181818188
C7,0.0290909090909091
C1,0.03272727272727274
C6,0.040000000000000015
C5,0.08000000000000003
Language,CSharp
Accuracy,0.7090909090909091
oob_score,0.7874015748031497
C0,0.0
C2,0.0
C3,0.0
C4,0.0
C8,0.0
C1,0.036363636363636376
C5,0.043636363636363654
C7,0.050909090909090925
C6,0.06545454545454547
Language,Go
Accuracy,0.8
oob_score,0.8227848101265823
C7,-0.005714285714285716
C5,-0.005714285714285694
C0,0.0
C1,0.0
C2,0.0
C3,0.0
C4,0.0
C8,0.0
C6,0.02857142857142858
Language,Java
Accuracy,0.8275862068965517
oob_score,0.6268656716417911
C2,0.0
C5,0.0
C3,0.013793103448275845
C8,0.013793103448275867
C1,0.05517241379310345
C6,0.05517241379310345
C0,0.06206896551724137
C4,0.1172413793103448
C7,0.17931034482758618
Language,Javascript
Accuracy,0.7777777777777778
oob_score,0.8064516129032258
C0,-0.03703703703703698
C1,-0.03703703703703698
C6,-0.02222222222222219
C3,-0.0074074074074073955
C2,0.0
C4,0.0
C8,0.0
C5,0.02962962962962965
C7,0.04444444444444447
Language,PHP
Accuracy,0.5833333333333334
oob_score,0.6296296296296297
C5,-0.027777777777777745
C4,-0.011111111111111094
C2,0.0
C8,0.0
C0,0.005555555555555558
C7,0.005555555555555558
C1,0.011111111111111117
C3,0.022222222222222233
C6,0.09444444444444447
Language,Python
Accuracy,0.7719298245614035
oob_score,0.6564885496183206
C0,-0.01052631578947374
C4,-0.007017543859649145
C3,-0.0035087719298245723
C8,0.0
C2,0.010526315789473651
C1,0.014035087719298223
C5,0.0701754385964912
C6,0.09824561403508769
C7,0.10175438596491226
Language,Ruby
Accuracy,0.8596491228070176
oob_score,0.7076923076923077
C2,0.0
C3,0.0
C4,0.0
C8,0.0
C1,0.01754385964912284
C0,0.02105263157894739
C5,0.0491228070175439
C7,0.07719298245614037
C6,0.19649122807017544
Language,Typescript
Accuracy,0.6949152542372882
oob_score,0.8
C0,0.0
C2,0.0
C3,0.0
C4,0.0
C8,0.0
C1,0.003389830508474634
C7,0.013559322033898358
C6,0.04067796610169496
C5,0.06779661016949154
