Language,C
Accuracy,0.8181818181818182
oob_score,0.71875
C0,0.0
C2,0.0
C3,0.0
C4,0.0
C8,0.0
C1,0.007272727272727297
C6,0.08727272727272731
C5,0.09090909090909094
C7,0.13818181818181824
Language,CPP
Accuracy,0.7636363636363637
oob_score,0.7265625
C0,0.0
C2,0.0
C3,0.0
C4,0.0
C8,0.0
C1,0.043636363636363654
C5,0.050909090909090925
C6,0.06181818181818184
C7,0.14909090909090914
Language,CSharp
Accuracy,0.7818181818181819
oob_score,0.6614173228346457
C8,-0.018181818181818167
C1,-0.007272727272727275
C0,0.0
C4,0.0
C2,0.0036363636363636377
C3,0.010909090909090913
C6,0.010909090909090913
C5,0.0290909090909091
C7,0.12727272727272732
Language,Go
Accuracy,0.7586206896551724
oob_score,0.706766917293233
C3,-0.010344827586206917
C2,0.0
C8,0.0
C4,0.003448275862068928
C0,0.006896551724137901
C1,0.037931034482758565
C6,0.08965517241379303
C5,0.09310344827586203
C7,0.1413793103448275
Language,Java
Accuracy,0.7368421052631579
oob_score,0.7121212121212122
C3,-0.05964912280701758
C0,-0.02456140350877194
C8,-0.0035087719298245723
C2,0.0
C5,0.0
C4,0.003508771929824528
C1,0.04912280701754386
C7,0.07017543859649118
C6,0.14736842105263154
Language,Javascript
Accuracy,0.7543859649122807
oob_score,0.6615384615384615
C5,-0.01754385964912277
C3,-0.010526315789473672
C4,-0.010526315789473672
C2,0.0
C8,0.0
C0,0.007017543859649167
C1,0.01403508771929829
C6,0.017543859649122816
C7,0.15438596491228074
Language,PHP
Accuracy,0.6428571428571429
oob_score,0.7230769230769231
C7,-0.0035714285714285366
C2,0.0
C4,0.0
C8,0.0
C0,2.2204460492503132e-17
C1,0.003571428571428581
C6,0.017857142857142905
C3,0.021428571428571484
C5,0.11071428571428577
Language,Python
Accuracy,0.7192982456140351
oob_score,0.6946564885496184
C2,0.0
C8,0.0
C4,0.0035087719298245723
C0,0.010526315789473694
C3,0.01754385964912284
C1,0.021052631578947413
C5,0.03157894736842111
C7,0.04561403508771933
C6,0.0666666666666667
Language,Ruby
Accuracy,0.6491228070175439
oob_score,0.7538461538461538
C5,-0.028070175438596467
C0,-0.014035087719298223
C4,-0.0070175438596491
C3,-0.003508771929824528
C1,0.0
C2,0.0
C8,0.0
C7,0.0491228070175439
C6,0.09122807017543862
Language,Typescript
Accuracy,0.8135593220338984
oob_score,0.7407407407407407
C0,0.0
C1,0.0
C2,0.0
C3,0.0
C4,0.0
C8,0.0
C6,0.08813559322033904
C5,0.10508474576271194
C7,0.1084745762711865
