D_value,Result,Feature
0.4636895268474216,medium,List
0.6095693779904306,large,Image
0.054864433811802234,negligible,Animation
0.044444444444444446,negligible,Video
0.010526315789473684,negligible,Table
0.7342902711323764,large,Github
0.8186071238702818,large,Links
0.20382775119617225,small,Project
0.35353535353535354,medium,Inline
0.19298245614035087,small,Code
