D_value,Result,Feature
0.43445566778900113,medium,List
0.6704826038159372,large,Image
0.017957351290684626,negligible,Animation
0.04062850729517396,negligible,Video
0.0,negligible,Table
0.686307519640853,large,Github
0.8115600448933782,large,Links
0.3323232323232323,medium,Project
0.2818181818181818,small,Inline
0.17048260381593716,small,Code
