D_value,Result,Feature
0.4963192147658167,large,List
0.5337672036701163,large,Image
0.1258935239517764,negligible,Animation
0.14691134108609838,negligible,Video
0.012269284113944309,negligible,Table
0.665742024965326,large,Github
0.675770831110637,large,Links
0.1640883388456204,small,Project
0.3655179771684626,medium,Inline
0.29691667555745227,small,Code
