D_value,Result,Feature
0.1917989417989418,small,List
0.2914462081128748,small,Image
-0.14506172839506173,negligible,Animation
-0.059082892416225746,negligible,Video
0.0,negligible,Table
0.43959435626102294,medium,Github
0.4329805996472663,medium,Links
0.11684303350970017,negligible,Project
0.195326278659612,small,Inline
-0.16534391534391535,small,Code
