D_value,Result,Feature
-0.06779307467667918,negligible,List
-0.2887984981226533,small,Image
-0.02012932832707551,negligible,Animation
-0.1284939507717981,negligible,Video
-0.010638297872340425,negligible,Table
-0.38662911973299957,medium,Github
-0.5177304964539007,large,Links
-0.06132665832290363,negligible,Project
0.19680851063829788,small,Inline
0.3374009178139341,medium,Code
