Language,C
Accuracy,0.7083333333333334
oob_score,0.625
Image,0.0
Animation,0.0
Video,0.0
Table,0.0
Github,0.0
Project,0.0
Inline,0.0
Code,0.0
List,0.008333333333333349
Language,CPP
Accuracy,0.8983050847457628
oob_score,0.837037037037037
Animation,0.0
Video,0.0
Table,0.0
Inline,0.0
Code,0.0
Project,0.010169491525423768
List,0.013559322033898336
Links,0.3322033898305085
Language,CSharp
Accuracy,0.8070175438596491
oob_score,0.7575757575757576
Inline,-0.007017543859649145
Project,-0.0035087719298245944
Code,-0.0035087719298245944
List,-0.0035087719298245723
Animation,0.0
Video,0.0
Table,0.0
Links,0.21052631578947362
Language,Go
Accuracy,0.8
oob_score,0.810126582278481
Animation,0.0
Video,0.0
Table,0.0
Project,0.0
Inline,0.005714285714285716
Code,0.005714285714285716
Image,0.022857142857142864
List,0.02857142857142858
Github,0.04571428571428573
Language,Java
Accuracy,0.7241379310344828
oob_score,0.6119402985074627
Image,-0.006896551724137945
Video,-0.006896551724137922
Project,-0.006896551724137922
Table,0.0
List,0.006896551724137945
Inline,0.02068965517241379
Animation,0.048275862068965524
Code,0.06206896551724137
Github,0.1517241379310345
Language,Javascript
Accuracy,0.8214285714285714
oob_score,0.7619047619047619
Code,-0.02142857142857142
Animation,0.0
Video,0.0
Table,0.0
Project,0.0
List,0.00714285714285714
Links,0.00714285714285714
Language,PHP
Accuracy,0.6388888888888888
oob_score,0.6790123456790124
Project,-0.02777777777777779
Inline,-0.011111111111111138
Animation,0.0
Table,0.0
Github,0.011111111111111072
List,0.016666666666666607
Image,0.016666666666666607
Video,0.02777777777777768
Language,Python
Accuracy,0.8135593220338984
oob_score,0.7925925925925926
Project,-0.003389830508474567
Animation,0.0
Video,0.0
Table,0.0
Inline,0.0
Code,0.0
List,2.2204460492503132e-17
Image,6.661338147750939e-17
Github,0.18644067796610173
Language,Ruby
Accuracy,0.7166666666666667
oob_score,0.7608695652173914
Code,-0.026666666666666637
Project,-0.0033333333333333214
Inline,-0.0033333333333333214
Animation,0.0
Video,0.0
Table,0.0
Image,0.00666666666666671
List,0.010000000000000054
Github,0.03666666666666667
Language,Typescript
Accuracy,0.8305084745762712
oob_score,0.7299270072992701
List,-0.003389830508474567
Table,0.0
Animation,0.006779661016949134
Project,0.027118644067796606
Video,0.03728813559322033
Image,0.04067796610169492
Inline,0.05423728813559323
Code,0.176271186440678
Github,0.20338983050847456
