P-value,Feature
0.4126863949984775,List
0.0004835868516624156,Image
0.807825635389428,Animation
0.12050622508877479,Video
0.8977157014233114,Table
2.9854275202731306e-06,Github
3.950301880031663e-10,Links
0.4586700393178722,Project
0.017400739125946967,Inline
4.562587816413635e-05,Code
