P-value,Feature
0.058082880579441755,List
0.004365301188028393,Image
0.7567732173131942,Animation
0.5287333251214301,Video
0.8997412986871715,Table
0.018683874841108398,Github
0.0014934593072615321,Links
0.42187387911442575,Project
0.8051196574411243,Inline
0.5184805862837654,Code
