P-value,Feature
2.4381203747539826e-08,List
2.2607527498869534e-13,Image
0.5092833903312846,Animation
0.5929169062671125,Video
0.899241903448028,Table
1.022342783737793e-18,Github
7.071122646429032e-23,Links
0.014214142634484575,Project
2.1129322853847878e-05,Inline
0.020267983281617455,Code
