P-value,Feature
5.000462708993922e-05,List
4.372083732301002e-05,Image
0.9004375366342199,Animation
0.24293557709464042,Video
1.0,Table
2.804745524766762e-06,Github
4.10002653509962e-09,Links
0.045312876841338515,Project
0.26164880453373096,Inline
0.4935822748529901,Code
