P-value,Feature
5.347786468905978e-10,List
5.817076825776715e-11,Image
0.8098630024396903,Animation
0.8089018252354742,Video
1.0,Table
1.3742729865457751e-12,Github
8.714589526978181e-18,Links
0.12257028968414035,Project
6.510235702131014e-05,Inline
0.021625142184458573,Code
