P-value,Feature
0.14688095514657476,List
0.0003903477410553676,Image
0.713343701708721,Animation
0.3249381204960974,Video
1.0,Table
8.564678067654904e-05,Github
4.174943251955562e-05,Links
0.021807617469269888,Project
0.41249223040041805,Inline
0.9661888006996846,Code
