P-value,Feature
0.4445452434675178,List
0.06030116778546551,Image
0.6523263359230123,Animation
0.7848146584518093,Video
1.0,Table
0.0006422200820058858,Github
0.00015068597620974277,Links
0.08102133997388414,Project
0.18002557840284883,Inline
0.6901487321890568,Code
