P-value,Feature
2.522917542971927e-09,List
1.4585125157334248e-10,Image
0.13059212011408794,Animation
0.07770505696891478,Video
0.8828686987442088,Table
1.301533264429384e-15,Github
4.862673170537107e-16,Links
0.04878945433216707,Project
1.1373668138141533e-05,Inline
0.00036319978686601985,Code
