P-value,Feature
2.5622212578563336e-07,List
1.8260883205572825e-15,Image
0.8313325653287569,Animation
0.629879651234387,Video
1.0,Table
3.9423705656268756e-16,Github
6.213367831933878e-22,Links
8.090669858583248e-05,Project
0.0008298069177358211,Inline
0.043165964541514924,Code
