D_value,Result,Feature
-0.21295013850415512,small,List
-0.1804016620498615,small,Image
-0.08483379501385041,negligible,Animation
-0.14681440443213298,negligible,Video
0.0,negligible,Table
-0.05921052631578947,negligible,Github
-0.328601108033241,small,Links
-0.10664819944598337,negligible,Project
-0.08829639889196676,negligible,Inline
0.024930747922437674,negligible,Code
