D_value,Result,Feature
-0.08541846419327007,negligible,List
0.4296807592752373,medium,Image
0.025021570319240724,negligible,Animation
0.012942191544434857,negligible,Video
0.01639344262295082,negligible,Table
0.09404659188955997,negligible,Github
0.1544434857635893,small,Links
0.06298533218291631,negligible,Project
-0.057808455565142365,negligible,Inline
0.0060396893874029335,negligible,Code
