D_value,Result,Feature
0.041690140845070424,negligible,List
0.27887323943661974,small,Image
-0.20619718309859156,small,Animation
-0.07605633802816901,negligible,Video
0.0,negligible,Table
0.5943661971830986,large,Github
0.5104225352112676,large,Links
0.14084507042253522,negligible,Project
0.04788732394366197,negligible,Inline
-0.3447887323943662,medium,Code
