D_value,Result,Feature
-0.5314625850340136,large,List
-0.5652636054421769,large,Image
-0.1870748299319728,small,Animation
-0.1875,small,Video
-0.009991496598639456,negligible,Table
-0.656781462585034,large,Github
-0.6358418367346939,large,Links
-0.18165391156462585,small,Project
-0.3516156462585034,medium,Inline
-0.2518069727891156,small,Code
