D_value,Result,Feature
0.029286086503387182,negligible,List
-0.24856696195935382,small,Image
-0.02344971339239187,negligible,Animation
-0.15341323606044815,small,Video
-0.009900990099009901,negligible,Table
-0.35237102657634184,medium,Github
-0.44273058884835853,medium,Links
-0.01615424700364773,negligible,Project
0.2184471078686816,small,Inline
0.3918707660239708,medium,Code
