D_value,Result,Feature
0.41369807083801163,medium,List
0.5010717566602021,large,Image
0.018577115443503114,negligible,Animation
0.039399816270286825,negligible,Video
0.0,negligible,Table
0.5323058079003776,large,Github
0.6560171481065632,large,Links
0.058793508216801064,negligible,Project
0.2686536694906604,small,Inline
0.138715933449015,negligible,Code
