,spearman-coeffiecient,Feature1,Feature2
0,0.7507211476092372,Github,Links
1,0.7507211476092372,Links,Github
2,0.7049608352984251,Inline,Code
3,0.7049608352984251,Code,Inline
