Language,C
Accuracy,0.8333333333333334
oob_score,0.7321428571428571
Video,0.0
Table,0.0
Project,0.0
Code,0.0
Animation,0.008333333333333349
Inline,0.008333333333333349
Github,0.025000000000000043
Image,0.033333333333333395
List,0.04166666666666674
Language,CPP
Accuracy,0.847457627118644
oob_score,0.8
Animation,0.0
Video,0.0
Table,0.0
Inline,0.0
Code,0.0
Project,0.006779661016949134
List,0.010169491525423702
Links,0.271186440677966
Language,CSharp
Accuracy,0.8070175438596491
oob_score,0.7575757575757576
Inline,-0.02456140350877196
Code,-0.02456140350877196
List,-0.014035087719298267
Video,-0.0035087719298245723
Animation,0.0
Table,0.0
Project,0.010526315789473651
Links,0.24912280701754383
Language,Go
Accuracy,0.6285714285714286
oob_score,0.7468354430379747
Image,-0.017142857142857147
Github,-0.017142857142857147
Project,-0.005714285714285716
Animation,0.0
Video,0.0
Table,0.0
Inline,0.0
List,0.005714285714285716
Code,0.005714285714285716
Language,Java
Accuracy,0.7931034482758621
oob_score,0.7761194029850746
List,-0.013793103448275845
Image,0.0
Video,0.0
Table,0.0
Project,0.0
Inline,0.0
Code,2.2204460492503132e-17
Github,0.013793103448275912
Animation,0.02758620689655176
Language,Javascript
Accuracy,0.9285714285714286
oob_score,0.8095238095238095
List,0.0
Animation,0.0
Video,0.0
Table,0.0
Links,0.0
Project,0.0
Code,0.0
Language,PHP
Accuracy,0.6944444444444444
oob_score,0.6172839506172839
Animation,-0.005555555555555558
Video,-0.005555555555555558
List,0.0
Table,0.0
Inline,0.022222222222222233
Project,0.049999999999999975
Github,0.07777777777777775
Image,0.12222222222222216
Language,Python
Accuracy,0.7966101694915254
oob_score,0.8148148148148148
Image,-0.006779661016949179
Project,-2.2204460492503132e-17
Inline,-2.2204460492503132e-17
Animation,0.0
Table,0.0
Video,0.003389830508474567
List,0.006779661016949134
Code,0.010169491525423725
Github,0.09152542372881353
Language,Ruby
Accuracy,0.6333333333333333
oob_score,0.7246376811594203
Project,-0.013333333333333374
Image,-0.006666666666666687
Inline,-0.006666666666666687
Code,-0.003333333333333366
Github,-4.4408920985006264e-17
Animation,0.0
Video,0.0
Table,0.0
List,0.049999999999999954
Language,Typescript
Accuracy,0.7288135593220338
oob_score,0.7153284671532847
Inline,-0.03050847457627124
Project,-0.006779661016949201
Animation,0.0
Table,0.0
List,0.020338983050847404
Video,0.020338983050847425
Image,0.030508474576271104
Github,0.07457627118644064
Code,0.13220338983050844
