P-value,Feature
1.6172540304509818e-10,List
1.0423224813403255e-11,Image
0.024407920121711002,Animation
0.024085549548599993,Video
0.9043207596737141,Table
2.7543339389321628e-15,Github
2.0154057171451944e-14,Links
0.02885739605332666,Project
2.3349104085982762e-05,Inline
0.0024502243050960135,Code
