P-value,Feature
0.7233339457845114,List
0.002658895312214441,Image
0.7768263611705002,Animation
0.06367620711694928,Video
0.9047351051891901,Table
2.0496046724146875e-05,Github
8.714498493613246e-08,Links
0.8451811603151587,Project
0.008276874492001788,Inline
2.17027903868668e-06,Code
