P-value,Feature
8.719511348879948e-07,List
1.2047572819627995e-15,Image
0.49593195956714053,Animation
0.8506806390875048,Video
1.0,Table
6.988467200240797e-16,Github
1.3081879744700076e-18,Links
0.0005552403822462501,Project
0.002895466575220582,Inline
0.08029277709512442,Code
