P-value,Feature
0.4466028083871759,List
0.0020139514665758773,Image
0.5991345539862905,Animation
0.914970069702025,Video
1.0,Table
1.2148621522804614e-05,Github
7.021097324633604e-07,Links
0.06661189383563748,Project
0.42563607510874235,Inline
0.04448425659973501,Code
