P-value,Feature
0.06454925551894625,List
0.11738316400286036,Image
0.4615229797588397,Animation
0.2025495426996763,Video
1.0,Table
0.6072965855556408,Github
0.004341835711013432,Links
0.3546090374323342,Project
0.4434406452009273,Inline
0.8286804896457264,Code
