P-value,Feature
0.0695273495468132,List
0.0011521851149677077,Image
0.9736749121987873,Animation
0.5415356295641481,Video
1.0,Table
5.945827664266966e-05,Github
4.592550173577051e-05,Links
0.0376197072270027,Project
0.9080499494872015,Inline
0.6090054045839361,Code
