P-value,Feature
4.965539658146917e-07,List
1.13274455159939e-09,Image
0.8213832668894262,Animation
0.6320646811452142,Video
1.0,Table
9.860793741922716e-11,Github
1.5546603792782643e-15,Links
0.4749101386899873,Project
0.0010949245206362175,Inline
0.0918336230012034,Code
