P-value,Feature
3.7176869308702596e-05,List
3.93749964172505e-13,Image
0.6089740637820404,Animation
0.3694863646195419,Video
0.9081402726574327,Table
1.3753782278687826e-17,Github
1.370987883671331e-20,Links
0.03006516823406093,Project
0.000544823243867924,Inline
0.1725352879017249,Code
