P-value,Feature
0.7574033358966152,List
0.03880581658927445,Image
0.12657079855309877,Animation
0.5730808312290352,Video
1.0,Table
1.0636875573329922e-05,Github
0.00015566999131330823,Links
0.29669104721556927,Project
0.7227327590899528,Inline
0.010630253059625401,Code
