P-value,Feature
0.5757225128523453,List
0.004875033897824036,Image
0.869781507655359,Animation
0.9324247699862632,Video
0.9144666086961979,Table
0.5377801274450128,Github
0.31159496638793305,Links
0.6798509404263738,Project
0.7048744519376642,Inline
0.9684353357895257,Code
